comment,label
"You are amazing and helpful!",0
"I really appreciate your help!",0
"This is wonderful news!",0
"I love this community!",0
"Thank you so much for your kindness!",0
"You are a great person!",0
"I hope you have a fantastic day!",0
"This is the best subreddit!",0
"Your advice was very helpful!",0
"I'm so happy right now!",0
"You are absolutely useless!",1
"I hope you fail miserably!",1
"You're so stupid it's unbelievable!",1
"This is the worst thing I've ever seen!",1
"Go away and never come back!",1
"Everyone here is an idiot!",1
"I hate you so much!",1
"You have no idea what you're doing!",1
"This is complete garbage!",1
"You are a disgrace to humanity!",1
"I will report you!",1
"Please stop your toxic behavior!",1
"This subreddit is filled with morons!",1
"Your opinion doesn't matter!",1
"Nobody cares what you think!",1
"I appreciate your effort!",0
"Let's work together on this!",0
"Great idea, thank you!",0
"You've been very patient!",0
"Your contribution is valuable!",0
"That was a thoughtful response!",0
"I'm sorry you feel that way.",0
"Let's agree to disagree.",0
"That's an interesting perspective!",0
"Good luck with your project!",0
"You are a terrible person!",1
"I despise everything you stand for!",1
"Your existence is pointless!",1
"You ruined everything!",1
"I never want to see you again!",1
"Look at this moron over here!",1
"Unbelievable how stupid you are!",1
"Get lost, you worthless fool!",1
"You make me sick!",1
"This is pathetic!",1
"Nobody likes you here!",1
"You are such a disappointment!",1
"I wish you would just disappear!",1
"You have zero talent!",1
"This is the dumbest thing ever!",1
"you are a idiot",1